ID;Titre officiel;Pays;Ministère/Institution productrice;Niveau;Classe;Matière;Type de document;Année de publication;Version;Date d'intégration dans PÉDAGOGUE.IA;Source;URL ou référence documentaire;Statut;Niveau de source;Priorité;Date de dernière vérification;Document remplacé;Document de remplacement;Observations;Périmètre d'utilisation;Fichier;Avertissement
BF-6E-MATH-001;Guide Mathématiques 6e;Burkina Faso;Ministère de l'Éducation nationale du Burkina Faso;Post-primaire;6e;Mathématiques;GUIDE_PEDAGOGIQUE;À vérifier;À vérifier;;Site du ministère de l'Éducation nationale (espace enseignant);https://www.education.gov.bf/fileadmin/user_upload/storages/espace_enseignant/guide_maths_6e.pdf;À_VÉRIFIER;2;Haute;;;;Registre initial : inscription qui ne certifie pas l'actualité du document. Document pédagogique officiel hébergé sur le site du ministère, qui signale lui-même des limites liées à l'ancienne organisation des contenus : ce n'est pas nécessairement le programme en vigueur. NON ENCORE INTÉGRÉ. Anciennement enregistré sous l'ID BF-MATH-6E-GUIDE-001. Lien relevé le 2026-09-30 par recherche sur le site du ministère (contenu non lu). Guide antérieur à la réforme curriculaire API : vérifier s'il est encore utilisé pour cette classe.;Source pédagogique pour les mathématiques de 6e (source officielle historique). Ne vaut pas programme en vigueur.;02_GUIDES_PEDAGOGIQUES/BURKINA_FASO/POST_PRIMAIRE/6E/MATHEMATIQUES/BF_6E_MATH_001_guide_mathematiques_6e.pdf;"Utiliser ce document comme source pédagogique lorsque son contenu est pertinent, mais vérifier toute affirmation concernant le programme actuellement applicable à l'aide de documents plus récents lorsqu'ils sont disponibles ; ne jamais présenter une information provenant uniquement de ce document comme étant nécessairement une prescription actuelle."
BF-5E-MATH-001;Guide Mathématiques 5e;Burkina Faso;Ministère;Post-primaire;5e;Mathématiques;GUIDE_PEDAGOGIQUE;À vérifier;À vérifier;;Site du ministère de l'Éducation nationale (espace enseignant);https://www.education.gov.bf/fileadmin/user_upload/storages/espace_enseignant/guides/post_primaire/guide_maths_5e.pdf;À_VÉRIFIER;2;Haute;;;;Registre initial : inscription qui ne certifie pas l'actualité du document. Titre officiel exact, année et version à vérifier sur le document. NON ENCORE INTÉGRÉ. Lien relevé le 2026-09-30 par recherche sur le site du ministère (contenu non lu). Guide antérieur à la réforme curriculaire API : vérifier s'il est encore utilisé pour cette classe.;Référence pédagogique pour les classes et la matière indiquées. Ne vaut pas programme en vigueur tant que le statut n'est pas ACTIF.;;
BF-4E-MATH-001;Guide Mathématiques 4e;Burkina Faso;Ministère;Post-primaire;4e;Mathématiques;GUIDE_PEDAGOGIQUE;À vérifier;À vérifier;;Ministère;;À_VÉRIFIER;2;Haute;;;;Registre initial : inscription qui ne certifie pas l'actualité du document. Titre officiel exact, année et version à vérifier sur le document. NON ENCORE INTÉGRÉ. Lien non trouvé le 2026-09-30 sur le site du ministère : à demander à la DRENA ou aux encadreurs.;Référence pédagogique pour les classes et la matière indiquées. Ne vaut pas programme en vigueur tant que le statut n'est pas ACTIF.;;
BF-6E-FR-001;Guide Français 6e et 5e;Burkina Faso;Ministère;Post-primaire;6e-5e;Français;GUIDE_PEDAGOGIQUE;À vérifier;À vérifier;;Site du ministère de l'Éducation nationale (espace enseignant);https://www.education.gov.bf/fileadmin/user_upload/storages/espace_enseignant/guides/post_primaire/guide_francais_6e_et_5e.pdf;À_VÉRIFIER;2;Haute;;;;Registre initial : inscription qui ne certifie pas l'actualité du document. Titre officiel exact, année et version à vérifier sur le document. NON ENCORE INTÉGRÉ. Lien relevé le 2026-09-30 par recherche sur le site du ministère (contenu non lu). Guide antérieur à la réforme curriculaire API : vérifier s'il est encore utilisé pour cette classe.;Référence pédagogique pour les classes et la matière indiquées. Ne vaut pas programme en vigueur tant que le statut n'est pas ACTIF.;;
BF-4E-FR-001;Guide Français 4e et 3e;Burkina Faso;Ministère;Post-primaire;4e-3e;Français;GUIDE_PEDAGOGIQUE;À vérifier;À vérifier;;Site du ministère de l'Éducation nationale (espace enseignant);https://www.education.gov.bf/fileadmin/user_upload/storages/espace_enseignant/guides/post_primaire/guide_francais_4e_3e.pdf;À_VÉRIFIER;2;Haute;;;;Registre initial : inscription qui ne certifie pas l'actualité du document. Titre officiel exact, année et version à vérifier sur le document. NON ENCORE INTÉGRÉ. Lien relevé le 2026-09-30 par recherche sur le site du ministère (contenu non lu). Guide antérieur à la réforme curriculaire API : vérifier s'il est encore utilisé pour cette classe.;Référence pédagogique pour les classes et la matière indiquées. Ne vaut pas programme en vigueur tant que le statut n'est pas ACTIF.;;
BF-6E-HIST-001;Guide Histoire 6e;Burkina Faso;Ministère;Post-primaire;6e;Histoire;GUIDE_PEDAGOGIQUE;À vérifier;À vérifier;;Site du ministère de l'Éducation nationale (espace enseignant);https://www.education.gov.bf/fileadmin/user_upload/storages/espace_enseignant/guide_histoire_6e.pdf;À_VÉRIFIER;2;Haute;;;;Registre initial : inscription qui ne certifie pas l'actualité du document. Titre officiel exact, année et version à vérifier sur le document. NON ENCORE INTÉGRÉ. Lien relevé le 2026-09-30 par recherche sur le site du ministère (contenu non lu). Guide antérieur à la réforme curriculaire API : vérifier s'il est encore utilisé pour cette classe.;Référence pédagogique pour les classes et la matière indiquées. Ne vaut pas programme en vigueur tant que le statut n'est pas ACTIF.;;
BF-5E-HIST-001;Guide Histoire 5e;Burkina Faso;Ministère;Post-primaire;5e;Histoire;GUIDE_PEDAGOGIQUE;À vérifier;À vérifier;;Site du ministère de l'Éducation nationale (espace enseignant);https://www.education.gov.bf/fileadmin/user_upload/storages/espace_enseignant/guides/post_primaire/guide_histoire_5e.pdf;À_VÉRIFIER;2;Haute;;;;Registre initial : inscription qui ne certifie pas l'actualité du document. Titre officiel exact, année et version à vérifier sur le document. NON ENCORE INTÉGRÉ. Lien relevé le 2026-09-30 par recherche sur le site du ministère (contenu non lu). Guide antérieur à la réforme curriculaire API : vérifier s'il est encore utilisé pour cette classe.;Référence pédagogique pour les classes et la matière indiquées. Ne vaut pas programme en vigueur tant que le statut n'est pas ACTIF.;;
BF-4E-HIST-001;Guide Histoire 4e;Burkina Faso;Ministère;Post-primaire;4e;Histoire;GUIDE_PEDAGOGIQUE;À vérifier;À vérifier;;Ministère;;À_VÉRIFIER;2;Haute;;;;Registre initial : inscription qui ne certifie pas l'actualité du document. Titre officiel exact, année et version à vérifier sur le document. NON ENCORE INTÉGRÉ. Lien non trouvé le 2026-09-30 sur le site du ministère : à demander à la DRENA ou aux encadreurs.;Référence pédagogique pour les classes et la matière indiquées. Ne vaut pas programme en vigueur tant que le statut n'est pas ACTIF.;;
BF-6E-SVT-001;Guide SVT 6e;Burkina Faso;Ministère;Post-primaire;6e;SVT;GUIDE_PEDAGOGIQUE;À vérifier;À vérifier;;Site du ministère de l'Éducation nationale (espace enseignant);https://www.education.gov.bf/fileadmin/user_upload/storages/espace_enseignant/guides/post_primaire/guide_svt_6e_.pdf;À_VÉRIFIER;2;Haute;;;;Registre initial : inscription qui ne certifie pas l'actualité du document. Titre officiel exact, année et version à vérifier sur le document. NON ENCORE INTÉGRÉ. Lien relevé le 2026-09-30 par recherche sur le site du ministère (contenu non lu). Guide antérieur à la réforme curriculaire API : vérifier s'il est encore utilisé pour cette classe.;Référence pédagogique pour les classes et la matière indiquées. Ne vaut pas programme en vigueur tant que le statut n'est pas ACTIF.;;
BF-5E-SVT-001;Guide SVT 5e;Burkina Faso;Ministère;Post-primaire;5e;SVT;GUIDE_PEDAGOGIQUE;À vérifier;À vérifier;;Site du ministère de l'Éducation nationale (espace enseignant);https://www.education.gov.bf/fileadmin/user_upload/storages/espace_enseignant/guides/post_primaire/guide_svt_5e.pdf;À_VÉRIFIER;2;Haute;;;;Registre initial : inscription qui ne certifie pas l'actualité du document. Titre officiel exact, année et version à vérifier sur le document. NON ENCORE INTÉGRÉ. Lien relevé le 2026-09-30 par recherche sur le site du ministère (contenu non lu). Guide antérieur à la réforme curriculaire API : vérifier s'il est encore utilisé pour cette classe.;Référence pédagogique pour les classes et la matière indiquées. Ne vaut pas programme en vigueur tant que le statut n'est pas ACTIF.;;
BF-4E-SVT-001;Guide SVT 4e;Burkina Faso;Ministère;Post-primaire;4e;SVT;GUIDE_PEDAGOGIQUE;À vérifier;À vérifier;;Site du ministère de l'Éducation nationale (espace enseignant);https://www.education.gov.bf/fileadmin/user_upload/storages/espace_enseignant/guides/post_primaire/guide_svt_4e.pdf;À_VÉRIFIER;2;Haute;;;;Registre initial : inscription qui ne certifie pas l'actualité du document. Titre officiel exact, année et version à vérifier sur le document. NON ENCORE INTÉGRÉ. Lien relevé le 2026-09-30 par recherche sur le site du ministère (contenu non lu). Guide antérieur à la réforme curriculaire API : vérifier s'il est encore utilisé pour cette classe.;Référence pédagogique pour les classes et la matière indiquées. Ne vaut pas programme en vigueur tant que le statut n'est pas ACTIF.;;
BF-4E-PHYS-001;Guide Science Physique 4e et 3e;Burkina Faso;Ministère;Post-primaire;4e-3e;Sciences physiques;GUIDE_PEDAGOGIQUE;À vérifier;À vérifier;;Ministère;;À_VÉRIFIER;2;Haute;;;;Registre initial : inscription qui ne certifie pas l'actualité du document. Titre officiel exact, année et version à vérifier sur le document. NON ENCORE INTÉGRÉ. Lien non trouvé le 2026-09-30 sur le site du ministère : à demander à la DRENA ou aux encadreurs.;Référence pédagogique pour les classes et la matière indiquées. Ne vaut pas programme en vigueur tant que le statut n'est pas ACTIF.;;
BF-6E-ANG-001;Guide Anglais 6e et 5e;Burkina Faso;Ministère;Post-primaire;6e-5e;Anglais;GUIDE_PEDAGOGIQUE;À vérifier;À vérifier;;Site du ministère de l'Éducation nationale (espace enseignant);https://www.education.gov.bf/fileadmin/user_upload/storages/espace_enseignant/guides/post_primaire/guide_anglais_6-5e.pdf;À_VÉRIFIER;2;Haute;;;;Registre initial : inscription qui ne certifie pas l'actualité du document. Titre officiel exact, année et version à vérifier sur le document. NON ENCORE INTÉGRÉ. Lien relevé le 2026-09-30 par recherche sur le site du ministère (contenu non lu). Guide antérieur à la réforme curriculaire API : vérifier s'il est encore utilisé pour cette classe.;Référence pédagogique pour les classes et la matière indiquées. Ne vaut pas programme en vigueur tant que le statut n'est pas ACTIF.;;
BF-4E-ANG-001;Guide Anglais 4e;Burkina Faso;Ministère;Post-primaire;4e;Anglais;GUIDE_PEDAGOGIQUE;À vérifier;À vérifier;;Ministère;;À_VÉRIFIER;2;Haute;;;;Registre initial : inscription qui ne certifie pas l'actualité du document. Titre officiel exact, année et version à vérifier sur le document. NON ENCORE INTÉGRÉ. Lien non trouvé le 2026-09-30 sur le site du ministère : à demander à la DRENA ou aux encadreurs.;Référence pédagogique pour les classes et la matière indiquées. Ne vaut pas programme en vigueur tant que le statut n'est pas ACTIF.;;
BF-4E-ALL-001;Guide Allemand 4e;Burkina Faso;Ministère;Post-primaire;4e;Allemand;GUIDE_PEDAGOGIQUE;À vérifier;À vérifier;;Site du ministère de l'Éducation nationale (espace enseignant);https://www.education.gov.bf/fileadmin/user_upload/storages/espace_enseignant/guides/post_primaire/guide_allemand_4e.pdf;À_VÉRIFIER;2;Haute;;;;Registre initial : inscription qui ne certifie pas l'actualité du document. Titre officiel exact, année et version à vérifier sur le document. NON ENCORE INTÉGRÉ. Lien relevé le 2026-09-30 par recherche sur le site du ministère (contenu non lu). Guide antérieur à la réforme curriculaire API : vérifier s'il est encore utilisé pour cette classe.;Référence pédagogique pour les classes et la matière indiquées. Ne vaut pas programme en vigueur tant que le statut n'est pas ACTIF.;;
BF-6E-GEO-001;Guide Géographie 6e;Burkina Faso;Ministère;Post-primaire;6e;Géographie;GUIDE_PEDAGOGIQUE;À vérifier;À vérifier;;Ministère;;À_VÉRIFIER;2;Haute;;;;Registre initial : inscription qui ne certifie pas l'actualité du document. Titre officiel exact, année et version à vérifier sur le document. NON ENCORE INTÉGRÉ. Lien non trouvé le 2026-09-30 sur le site du ministère : à demander à la DRENA ou aux encadreurs.;Référence pédagogique pour les classes et la matière indiquées. Ne vaut pas programme en vigueur tant que le statut n'est pas ACTIF.;;
BF-5E-GEO-001;Guide Géographie 5e;Burkina Faso;Ministère;Post-primaire;5e;Géographie;GUIDE_PEDAGOGIQUE;À vérifier;À vérifier;;Site du ministère de l'Éducation nationale (espace enseignant);https://www.education.gov.bf/fileadmin/user_upload/storages/espace_enseignant/guides/post_primaire/guide_geographie_5e.pdf;À_VÉRIFIER;2;Haute;;;;Registre initial : inscription qui ne certifie pas l'actualité du document. Titre officiel exact, année et version à vérifier sur le document. NON ENCORE INTÉGRÉ. Lien relevé le 2026-09-30 par recherche sur le site du ministère (contenu non lu). Guide antérieur à la réforme curriculaire API : vérifier s'il est encore utilisé pour cette classe.;Référence pédagogique pour les classes et la matière indiquées. Ne vaut pas programme en vigueur tant que le statut n'est pas ACTIF.;;
BF-4E-GEO-001;Guide Géographie 4e;Burkina Faso;Ministère;Post-primaire;4e;Géographie;GUIDE_PEDAGOGIQUE;À vérifier;À vérifier;;Site du ministère de l'Éducation nationale (espace enseignant);https://www.education.gov.bf/fileadmin/user_upload/storages/espace_enseignant/guides/post_primaire/guide_geographie_4e.pdf;À_VÉRIFIER;2;Haute;;;;Registre initial : inscription qui ne certifie pas l'actualité du document. Titre officiel exact, année et version à vérifier sur le document. NON ENCORE INTÉGRÉ. Lien relevé le 2026-09-30 par recherche sur le site du ministère (contenu non lu). Guide antérieur à la réforme curriculaire API : vérifier s'il est encore utilisé pour cette classe.;Référence pédagogique pour les classes et la matière indiquées. Ne vaut pas programme en vigueur tant que le statut n'est pas ACTIF.;;
BF-6E-EPS-001;Guide EPS 6e;Burkina Faso;Ministère;Post-primaire;6e;EPS;GUIDE_PEDAGOGIQUE;À vérifier;À vérifier;;Site du ministère de l'Éducation nationale (espace enseignant);https://www.education.gov.bf/fileadmin/user_upload/storages/espace_enseignant/guides/post_primaire/guide_eps_6e.pdf;À_VÉRIFIER;2;Moyenne;;;;Registre initial : inscription qui ne certifie pas l'actualité du document. Titre officiel exact, année et version à vérifier sur le document. NON ENCORE INTÉGRÉ. Lien relevé le 2026-09-30 par recherche sur le site du ministère (contenu non lu). Guide antérieur à la réforme curriculaire API : vérifier s'il est encore utilisé pour cette classe.;Référence pédagogique pour les classes et la matière indiquées. Ne vaut pas programme en vigueur tant que le statut n'est pas ACTIF.;;
BF-5E-EPS-001;Guide EPS 5e;Burkina Faso;Ministère;Post-primaire;5e;EPS;GUIDE_PEDAGOGIQUE;À vérifier;À vérifier;;Ministère;;À_VÉRIFIER;2;Moyenne;;;;Registre initial : inscription qui ne certifie pas l'actualité du document. Titre officiel exact, année et version à vérifier sur le document. NON ENCORE INTÉGRÉ. Lien non trouvé le 2026-09-30 sur le site du ministère : à demander à la DRENA ou aux encadreurs.;Référence pédagogique pour les classes et la matière indiquées. Ne vaut pas programme en vigueur tant que le statut n'est pas ACTIF.;;
BF-4E-EPS-001;Guide EPS 4e;Burkina Faso;Ministère;Post-primaire;4e;EPS;GUIDE_PEDAGOGIQUE;À vérifier;À vérifier;;Site du ministère de l'Éducation nationale (espace enseignant);https://www.education.gov.bf/fileadmin/user_upload/storages/espace_enseignant/guides/post_primaire/guide_eps_4e.pdf;À_VÉRIFIER;2;Moyenne;;;;Registre initial : inscription qui ne certifie pas l'actualité du document. Titre officiel exact, année et version à vérifier sur le document. NON ENCORE INTÉGRÉ. Lien relevé le 2026-09-30 par recherche sur le site du ministère (contenu non lu). Guide antérieur à la réforme curriculaire API : vérifier s'il est encore utilisé pour cette classe.;Référence pédagogique pour les classes et la matière indiquées. Ne vaut pas programme en vigueur tant que le statut n'est pas ACTIF.;;
BF-6E-MATH-002;Curricula de mathématiques — 6e (réforme curriculaire);Burkina Faso;Ministère de l'Éducation nationale du Burkina Faso;Post-primaire;6e;Mathématiques;CURRICULUM;À vérifier;À vérifier;;Faso e-education — espace enseignants, réforme curriculaire;https://fasoeducation.bf/espace_enseignants/reforme_curriculaire/curricula_postprimaire/mathematiques/curricula_maths_6e.pdf;À_VÉRIFIER;2;Haute;;;;Curricula de la réforme curriculaire (approche pédagogique intégratrice, API), dont la généralisation a commencé en 2022-2023 en 6e et en 2nde. Lien relevé le 2026-09-30 par recherche (contenu non lu) : titre exact, année et version à vérifier sur le document. NON ENCORE INTÉGRÉ.;Contenus et compétences de la classe selon les nouveaux curricula.;;
BF-5E-MATH-002;Curricula de mathématiques — 5e (réforme curriculaire);Burkina Faso;Ministère de l'Éducation nationale du Burkina Faso;Post-primaire;5e;Mathématiques;CURRICULUM;À vérifier;À vérifier;;Faso e-education — espace enseignants, réforme curriculaire;https://fasoeducation.bf/espace_enseignants/reforme_curriculaire/curricula_postprimaire/mathematiques/curricula_maths_5e.pdf;À_VÉRIFIER;2;Haute;;;;Curricula de la réforme curriculaire (approche pédagogique intégratrice, API), dont la généralisation a commencé en 2022-2023 en 6e et en 2nde. Lien relevé le 2026-09-30 par recherche (contenu non lu) : titre exact, année et version à vérifier sur le document. NON ENCORE INTÉGRÉ.;Contenus et compétences de la classe selon les nouveaux curricula.;;
BF-4E-MATH-002;Curricula de mathématiques — 4e (réforme curriculaire);Burkina Faso;Ministère de l'Éducation nationale du Burkina Faso;Post-primaire;4e;Mathématiques;CURRICULUM;À vérifier;À vérifier;;Faso e-education — espace enseignants, réforme curriculaire;https://fasoeducation.bf/espace_enseignants/reforme_curriculaire/curricula_postprimaire/mathematiques/curricula_maths_4e.pdf;À_VÉRIFIER;2;Haute;;;;Curricula de la réforme curriculaire (approche pédagogique intégratrice, API), dont la généralisation a commencé en 2022-2023 en 6e et en 2nde. Lien relevé le 2026-09-30 par recherche (contenu non lu) : titre exact, année et version à vérifier sur le document. NON ENCORE INTÉGRÉ.;Contenus et compétences de la classe selon les nouveaux curricula.;;
BF-3E-MATH-001;Curricula de mathématiques — 3e (réforme curriculaire);Burkina Faso;Ministère de l'Éducation nationale du Burkina Faso;Post-primaire;3e;Mathématiques;CURRICULUM;À vérifier;À vérifier;;Faso e-education — espace enseignants, réforme curriculaire;https://fasoeducation.bf/espace_enseignants/reforme_curriculaire/curricula_postprimaire/mathematiques/curricula_maths_3e.pdf;À_VÉRIFIER;2;Haute;;;;Curricula de la réforme curriculaire (approche pédagogique intégratrice, API), dont la généralisation a commencé en 2022-2023 en 6e et en 2nde. Lien relevé le 2026-09-30 par recherche (contenu non lu) : titre exact, année et version à vérifier sur le document. NON ENCORE INTÉGRÉ.;Contenus et compétences de la classe selon les nouveaux curricula.;;
BF-4E-PHYS-002;Curricula de sciences physiques — 4e et 3e (réforme curriculaire);Burkina Faso;Ministère de l'Éducation nationale du Burkina Faso;Post-primaire;4e-3e;Sciences physiques;CURRICULUM;À vérifier;À vérifier;;Faso e-education — espace enseignants, réforme curriculaire;https://fasoeducation.bf/espace_enseignants/reforme_curriculaire/curricula_postprimaire/sciences_physiques/curricula_sciences_physiques_4e_3e.pdf;À_VÉRIFIER;2;Haute;;;;Curricula de la réforme curriculaire (approche pédagogique intégratrice, API), dont la généralisation a commencé en 2022-2023 en 6e et en 2nde. Lien relevé le 2026-09-30 par recherche (contenu non lu) : titre exact, année et version à vérifier sur le document. NON ENCORE INTÉGRÉ.;Contenus et compétences de la classe selon les nouveaux curricula.;;
BF-6E-HIST-002;Curricula d'histoire-géographie — 6e et 5e (réforme curriculaire);Burkina Faso;Ministère de l'Éducation nationale du Burkina Faso;Post-primaire;6e-5e;Histoire-Géographie;CURRICULUM;À vérifier;À vérifier;;Faso e-education — espace enseignants, réforme curriculaire;https://fasoeducation.bf/espace_enseignants/reforme_curriculaire/curricula_postprimaire/histoire_geographie/curricula_histoire_geograhie_6e_5e.pdf;À_VÉRIFIER;2;Haute;;;;Curricula de la réforme curriculaire (approche pédagogique intégratrice, API), dont la généralisation a commencé en 2022-2023 en 6e et en 2nde. Lien relevé le 2026-09-30 par recherche (contenu non lu) : titre exact, année et version à vérifier sur le document. NON ENCORE INTÉGRÉ.;Contenus et compétences de la classe selon les nouveaux curricula.;;
BF-5E-EPS-002;Curricula d'EPS — 5e (réforme curriculaire);Burkina Faso;Ministère de l'Éducation nationale du Burkina Faso;Post-primaire;5e;EPS;CURRICULUM;À vérifier;À vérifier;;Faso e-education — espace enseignants, réforme curriculaire;https://fasoeducation.bf/espace_enseignants/reforme_curriculaire/curricula_postprimaire/eps/curricula_eps_5e.pdf;À_VÉRIFIER;2;Haute;;;;Curricula de la réforme curriculaire (approche pédagogique intégratrice, API), dont la généralisation a commencé en 2022-2023 en 6e et en 2nde. Lien relevé le 2026-09-30 par recherche (contenu non lu) : titre exact, année et version à vérifier sur le document. NON ENCORE INTÉGRÉ.;Contenus et compétences de la classe selon les nouveaux curricula.;;
